<?xml version="1.0" encoding="UTF-8" standalone="yes"?>
<addon id="repository.host505.backup" name="LeelaChacha repo" version="2.5" provider-name="LeelaChacha">
    <extension point="xbmc.addon.repository" name="LeelaChacha repo">
    <dir>
        <info compressed="false">https://github.com/LeelaChacha/repository.host505.backup/raw/master/addons.xml</info>
        <checksum>https://github.com/LeelaChacha/repository.host505.backup/raw/master/addons.xml.md5</checksum>
        <datadir zip="true">https://raw.githubusercontent.com/LeelaChacha/repository.host505.backup/master/</datadir>
    </dir>
    <dir>
        <info compressed="false">https://raw.githubusercontent.com/Gujal00/smrzips/master/addons.xml</info>
        <checksum>https://raw.githubusercontent.com/Gujal00/smrzips/master/addons.xml.md5</checksum>
        <datadir zip="true">https://raw.githubusercontent.com/Gujal00/smrzips/master/zips/</datadir>
    </dir>
    </extension>
    <extension point="xbmc.addon.metadata">
        <summary>Testing and Learning stuff</summary>
        <description>LeelaChacha repo</description>
        <platform>all</platform>
    </extension>
</addon>
